id;request_timestamp;api_endpoint;http_method;http_status_code;order_id;response_description;cupa_api_key;environment;request_data;response_data;requester_ip_address
1;2025-08-03T14:23:12;times past;mosh afore encode;25153;yahoo;convoke within;affect until huzzah;anenst;../fake-data/blob/hipster.txt;../fake-data/blob/hipster.txt;disposer
2;2025-08-03T14:59:01;modulo bran;till hydrolyze than;4040;as;phew once;although morbidity zebra;monumental toward;../fake-data/blob/hipster.txt;../fake-data/blob/hipster.txt;tabletop soybean
3;2025-08-04T05:04:29;before but flash;everlasting blah flat;16718;membership;uselessly before reconsideration;yowza lonely zowie;deed;../fake-data/blob/hipster.txt;../fake-data/blob/hipster.txt;hmph above considering
4;2025-08-03T12:57:48;finished CD whenever;downright;21087;demob duh;splurge;velvety sweetly badly;astride greatly;../fake-data/blob/hipster.txt;../fake-data/blob/hipster.txt;cinch baritone yippee
5;2025-08-04T04:45:05;drat;reproach as;19296;who;coolly until dissemble;frightfully;stabilise;../fake-data/blob/hipster.txt;../fake-data/blob/hipster.txt;scarcely er
6;2025-08-03T15:53:04;uh-huh;sticker testify;25080;punctually hungrily;quietly;chow yahoo what;scarcely concerned;../fake-data/blob/hipster.txt;../fake-data/blob/hipster.txt;uh-huh
7;2025-08-03T15:20:38;negligible brr unlike;guacamole;1048;through reference given;after;converse;miserably;../fake-data/blob/hipster.txt;../fake-data/blob/hipster.txt;talkative moment sleepily
8;2025-08-04T06:21:06;regarding;after disloyal shark;5085;certification meanwhile curiously;pressure;sprinkles geez unimportant;male close draw;../fake-data/blob/hipster.txt;../fake-data/blob/hipster.txt;what
9;2025-08-03T21:16:08;why critical;phew;31641;pfft following because;dicker;celebrated gummy invite;gently;../fake-data/blob/hipster.txt;../fake-data/blob/hipster.txt;rigidly pear tooth
10;2025-08-04T08:24:34;petty wrongly wherever;outfox gloss pile;31139;moment unselfish;suitcase;preside;along yippee;../fake-data/blob/hipster.txt;../fake-data/blob/hipster.txt;outside tribe gym
